{"Alaska": 35.902777777777786, "New Jersey": 36.08059701492537, "Montana": 36.17826086956522, "Nevada": 36.358333333333334, "Puerto Rico": 36.98636363636363}