{"Alabama": 35.122666666666674, "Arkansas": 35.42567567567568, "Louisiana": 36.26619718309859, "Mississippi": 36.50694444444445, "West Virginia": 36.80000000000001}