{"Alabama": 29.892500000000013, "Mississippi": 30.129577464788724, "Arkansas": 30.601694915254228, "Kentucky": 31.028169014084494, "Puerto Rico": 40.62749999999999}