{"West Virginia": 45.17, "Mississippi": 45.31666666666666, "Oklahoma": 45.45454545454546, "Louisiana": 46.168749999999996, "Puerto Rico": 49.416666666666664}