{"Louisiana": 24.506249999999998, "New Mexico": 24.53571428571428, "Guam": 26.757142857142856, "Virgin Islands": 27.26428571428571, "Puerto Rico": 39.89}